1,530631E+15;UnixTime
0;Scene;Load;0
0;BITalino;SamplingFrequency;1000
0;BITalino;BufferSize;2000
0;BITalino;Channels;ECG;EMG;EDA;
0;BITalino;Analogs;A1;A2;A3;
0;BITalino;BaudRate;9600
0;BITalino;Port;COM3
0;BITalino;Parity;None
0;BITalino;DataBits;8
0;BITalino;StopBits;One
5733,263;InputEnter;Name;abażur
8914,116;InputEnter;Number;079
8996,458;ButtonClick;Polish
11199,82;ButtonClick;WithoutAffectiveLoop
11216,98;Scene;Load;1
11216,98;BackgroundMusic;Start
12578,56;ButtonClick;Next
12744,86;ButtonClick;Next
13059,33;ButtonClick;Next
13903,97;ButtonClick;Next
15527,43;ButtonClick;Next
15892,09;ButtonClick;Next
17051,62;ButtonClick;Play
20364,9;Player;Starting;Health;100
20364,9;Player;Starting;Range;100
20364,9;Player;Starting;TimeBetweenBullets;0,2
20364,9;Player;Starting;DamagerPerShot;15
20364,9;Player;Starting;SuperPower;100
21345,68;Alert;Lvl0Index;0
27856,38;Alert;Lvl0Index;1
34367,12;Alert;Lvl0Index;2
34367,12;Scene;Load;2
40880,11;Alert;Lvl0Index;3
47391,05;Alert;Lvl0Index;4
53903,09;Alert;Lvl0Index;5
60413,79;Alert;Lvl0Index;6
66924,06;Alert;Lvl0Index;7
73425,03;Alert;Lvl0Index;8
79935,7;Alert;Lvl0Index;9
82139,16;Enemy;DeathBy;Gun
82652,63;TextScore;ChangeTo;KIEPSKO
86446,45;Alert;Lvl0Index;10
90096,74;Enemy;DeathBy;Gun
90610,36;TextScore;ChangeTo;PRZYZWOICIE
92962,77;Alert;Lvl0Index;11
94619,44;Enemy;DeathBy;Gun
95133,3;TextScore;ChangeTo;WSPANIALE
99473,47;Alert;Lvl0Index;12
99606,28;Enemy;DeathBy;Gun
100121,2;TextScore;ChangeTo;FANTASTYCZNIE
104229,7;Enemy;DeathBy;Gun
105985,8;Alert;Lvl0Index;13
112496,7;Alert;Lvl0Index;14
119012,5;Alert;Lvl0Index;15
125523,6;Alert;Lvl0Index;16
135388,8;Scene;Load;3
136816,9;KeyPress;T
140130,6;Player;Starting;Range;100
140130,6;Player;Starting;TimeBetweenBullets;0,2
140130,6;Player;Starting;DamagerPerShot;15
140130,6;Player;Starting;SuperPower;100
140130,6;Player;Starting;Health;100
140130,6;Scene;Load;4
150115,2;Enemy;0;RegularSpawn;AtSpawnPoint;1
154571,8;Enemy;DeathBy;Gun
155101,8;Enemy;0;RegularSpawn;AtSpawnPoint;2
160115,9;Enemy;0;RegularSpawn;AtSpawnPoint;1
165637,2;Enemy;DeathBy;Gun
170113,7;Enemy;0;RegularSpawn;AtSpawnPoint;1
172333,2;Enemy;DeathBy;Gun
175103,1;Enemy;0;RegularSpawn;AtSpawnPoint;0
177272,9;Enemy;DeathBy;Gun
180113,8;Enemy;0;RegularSpawn;AtSpawnPoint;2
181936,3;Enemy;DeathBy;Gun
185771,6;Enemy;DeathBy;Gun
190106,5;Enemy;0;RegularSpawn;AtSpawnPoint;1
192517,6;Enemy;DeathBy;Gun
195106,2;Enemy;0;RegularSpawn;AtSpawnPoint;2
195146,5;Alert;NonAffectiveSpawn;Activation
200101,6;Enemy;0;RegularSpawn;AtSpawnPoint;0
203323,9;Enemy;DeathBy;Gun
207106,2;Enemy;1;NonAffectiveSpawn;AtSpawnPoint;1
207553,5;Enemy;DeathBy;Gun
208067,6;TextScore;ChangeTo;KIEPSKO
209241,3;Enemy;DeathBy;Gun
210103;Enemy;0;RegularSpawn;AtSpawnPoint;2
214105,7;Enemy;2;NonAffectiveSpawn;AtSpawnPoint;1
215110,4;Enemy;0;RegularSpawn;AtSpawnPoint;2
217366;Enemy;DeathBy;Gun
220100,4;Enemy;0;RegularSpawn;AtSpawnPoint;0
221111;Enemy;1;NonAffectiveSpawn;AtSpawnPoint;1
221193,8;Enemy;DeathBy;Gun
223969,7;Enemy;DeathBy;Gun
227360,1;Enemy;DeathBy;Gun
228104,1;Enemy;1;NonAffectiveSpawn;AtSpawnPoint;4
230110,1;Enemy;DeathBy;Gun
230110,1;Enemy;0;RegularSpawn;AtSpawnPoint;0
230126,7;Alert;Enemy;SpeedChange
230126,7;Enemy;Speed;ChangeTo;3,03
232142,8;Enemy;Speed;ChangeTo;3,06
234148;Enemy;Speed;ChangeTo;3,09
234818,5;Enemy;DeathBy;Gun
235100,2;Enemy;0;RegularSpawn;AtSpawnPoint;1
235100,2;Enemy;1;NonAffectiveSpawn;AtSpawnPoint;2
235332,5;TextScore;ChangeTo;PRZYZWOICIE
236164,2;Enemy;Speed;ChangeTo;3,12
238174,1;Enemy;Speed;ChangeTo;3,15
239482,3;Enemy;DeathBy;Gun
240111,8;Enemy;0;RegularSpawn;AtSpawnPoint;2
240178,1;Enemy;Speed;ChangeTo;3,18
242101;Enemy;0;NonAffectiveSpawn;AtSpawnPoint;5
242183,9;Enemy;Speed;ChangeTo;3,21
244188,4;Enemy;Speed;ChangeTo;3,24
246193,9;Enemy;Speed;ChangeTo;3,27
248198,5;Enemy;Speed;ChangeTo;3,3
249109,6;Enemy;1;NonAffectiveSpawn;AtSpawnPoint;2
250103,6;Enemy;0;RegularSpawn;AtSpawnPoint;2
250203;Enemy;Speed;ChangeTo;3,33
252207,7;Enemy;Speed;ChangeTo;3,36
252556,6;Enemy;DeathBy;Gun
254213,5;Enemy;Speed;ChangeTo;3,39
254494,9;Enemy;DeathBy;Gun
255108,5;Enemy;0;RegularSpawn;AtSpawnPoint;1
255141,6;Alert;NonAffectiveSpawn;Activation
256102,6;Enemy;1;NonAffectiveSpawn;AtSpawnPoint;5
256218,4;Enemy;Speed;ChangeTo;3,42
256433,8;Enemy;DeathBy;Gun
258145,8;Enemy;DeathBy;Gun
258228,8;Enemy;Speed;ChangeTo;3,45
260101,5;Enemy;0;RegularSpawn;AtSpawnPoint;0
260234,2;Enemy;Speed;ChangeTo;3,48
260283,8;Enemy;DeathBy;Gun
262240,3;Enemy;Speed;ChangeTo;3,51
263111,4;Enemy;2;NonAffectiveSpawn;AtSpawnPoint;3
263111,4;Enemy;2;NonAffectiveSpawn;AtSpawnPoint;4
264256,8;Enemy;Speed;ChangeTo;3,539999
264538,4;Enemy;DeathBy;Gun
266261,3;Enemy;Speed;ChangeTo;3,569999
268184,9;Enemy;DeathBy;Gun
268267,7;Enemy;Speed;ChangeTo;3,599999
268699,2;TextScore;ChangeTo;WSPANIALE
269250,2;Enemy;DeathBy;Gun
270111,6;Enemy;0;RegularSpawn;AtSpawnPoint;2
270111,6;Enemy;1;NonAffectiveSpawn;AtSpawnPoint;0
270111,6;Enemy;1;NonAffectiveSpawn;AtSpawnPoint;4
270277;Enemy;Speed;ChangeTo;3,629999
271805,8;Enemy;DeathBy;Gun
272288,7;Enemy;Speed;ChangeTo;3,659999
274296,2;Enemy;Speed;ChangeTo;3,689999
274346,8;Enemy;DeathBy;Gun
275110,7;Enemy;0;RegularSpawn;AtSpawnPoint;2
276305,1;Enemy;Speed;ChangeTo;3,719999
277101,2;Enemy;1;NonAffectiveSpawn;AtSpawnPoint;0
277101,2;Enemy;1;NonAffectiveSpawn;AtSpawnPoint;3
277797,6;Enemy;DeathBy;Gun
278313,3;Enemy;Speed;ChangeTo;3,749999
280104,7;Enemy;0;RegularSpawn;AtSpawnPoint;2
280325,2;Enemy;Speed;ChangeTo;3,779999
280540,6;Enemy;DeathBy;Gun
282329,8;Enemy;Speed;ChangeTo;3,809999
283124,9;Enemy;DeathBy;Gun
284102,4;Enemy;1;NonAffectiveSpawn;AtSpawnPoint;0
284102,4;Enemy;1;NonAffectiveSpawn;AtSpawnPoint;2
284334,3;Enemy;Speed;ChangeTo;3,839999
285063,2;Enemy;DeathBy;Gun
285576,8;TextScore;ChangeTo;FANTASTYCZNIE
286340,9;Enemy;Speed;ChangeTo;3,869999
287649,7;Enemy;DeathBy;Gun
288347,8;Enemy;Speed;ChangeTo;3,899999
290112,1;Enemy;0;RegularSpawn;AtSpawnPoint;2
290361,6;Enemy;Speed;ChangeTo;3,929999
291106,4;Enemy;0;NonAffectiveSpawn;AtSpawnPoint;1
291106,4;Enemy;0;NonAffectiveSpawn;AtSpawnPoint;0
291752,5;Player;Health;DecreaseTo;90
292366,7;Enemy;Speed;ChangeTo;3,959999
294382;Enemy;Speed;ChangeTo;3,989999
295110,9;Enemy;0;RegularSpawn;AtSpawnPoint;2
295311,1;Enemy;DeathBy;Gun
296395,2;Enemy;Speed;ChangeTo;4,019999
297396,1;Enemy;DeathBy;Gun
298110,6;Enemy;1;NonAffectiveSpawn;AtSpawnPoint;1
298110,6;Enemy;1;NonAffectiveSpawn;AtSpawnPoint;0
298410,8;Enemy;Speed;ChangeTo;4,049999
299724,9;Enemy;DeathBy;Gun
300106;Enemy;0;RegularSpawn;AtSpawnPoint;0
300422;Enemy;Speed;ChangeTo;4,079999
301234,3;Enemy;DeathBy;Gun
302427;Enemy;Speed;ChangeTo;4,11
302526,4;Enemy;DeathBy;Gun
304435;Enemy;Speed;ChangeTo;4,14
305114,3;Enemy;1;NonAffectiveSpawn;AtSpawnPoint;3
305114,3;Enemy;1;NonAffectiveSpawn;AtSpawnPoint;4
306094,3;Player;Health;DecreaseTo;80
306442,2;Enemy;Speed;ChangeTo;4,17
308442,8;Enemy;Speed;ChangeTo;4,2
309602,5;Enemy;DeathBy;Gun
310116,3;Enemy;0;RegularSpawn;AtSpawnPoint;1
310447,3;Enemy;Speed;ChangeTo;4,23
311325,4;Enemy;DeathBy;Gun
311840,6;Enemy;DeathBy;LevelEnd
311840,6;Enemy;DeathBy;LevelEnd
311840,6;Enemy;DeathBy;LevelEnd
311840,6;Enemy;DeathBy;LevelEnd
311840,6;Enemy;DeathBy;LevelEnd
311840,6;Enemy;DeathBy;LevelEnd
311840,6;Enemy;DeathBy;LevelEnd
311840,6;Enemy;DeathBy;LevelEnd
312105,4;Enemy;2;NonAffectiveSpawn;AtSpawnPoint;1
312105,4;Enemy;2;NonAffectiveSpawn;AtSpawnPoint;0
312122,4;Enemy;DeathBy;LevelEnd
312122,4;Enemy;DeathBy;LevelEnd
312453,3;Enemy;Speed;ChangeTo;4,260001
314457,9;Enemy;Speed;ChangeTo;4,290001
314855,5;Scene;Load;5
320093,7;ButtonClick;Next
320640,7;ButtonClick;Next
322263,9;ButtonClick;Next
323357,3;ButtonClick;Next
324450,8;ButtonClick;Next
325825,9;ButtonClick;Play
329139,1;Player;Starting;Range;100
329139,1;Player;Starting;TimeBetweenBullets;0,2
329139,1;Player;Starting;DamagerPerShot;15
329139,1;Player;Starting;SuperPower;100
329139,1;Player;Starting;Health;140
329139,1;Scene;Load;6
339131,9;Enemy;0;RegularSpawn;AtSpawnPoint;2
344135,1;Enemy;0;RegularSpawn;AtSpawnPoint;1
347597,5;Enemy;DeathBy;Gun
349123,4;Enemy;0;RegularSpawn;AtSpawnPoint;1
351029,1;Enemy;DeathBy;Gun
352122,6;Enemy;0;RegularSpawn;AtSpawnPoint;2
353182,5;Enemy;DeathBy;Gun
355120,8;Enemy;0;RegularSpawn;AtSpawnPoint;1
358136;Enemy;0;RegularSpawn;AtSpawnPoint;2
360278,4;Enemy;DeathBy;Gun
363077,9;Enemy;DeathBy;Gun
365132,2;Enemy;0;RegularSpawn;AtSpawnPoint;1
365877,7;Enemy;DeathBy;Gun
366126,2;Enemy;0;RegularSpawn;AtSpawnPoint;2
367120,2;Enemy;0;RegularSpawn;AtSpawnPoint;2
376124,2;Enemy;0;RegularSpawn;AtSpawnPoint;2
377124,3;Enemy;0;RegularSpawn;AtSpawnPoint;0
378135,1;Enemy;0;RegularSpawn;AtSpawnPoint;2
382674,1;Enemy;DeathBy;Gun
384148,8;Alert;NonAffectiveSpawn;Activation
385043,2;Enemy;DeathBy;Gun
385126;Enemy;0;RegularSpawn;AtSpawnPoint;2
386970,8;Enemy;DeathBy;Gun
388130,4;Enemy;0;RegularSpawn;AtSpawnPoint;0
391128,8;Enemy;0;RegularSpawn;AtSpawnPoint;0
394127,6;Enemy;0;RegularSpawn;AtSpawnPoint;1
395121,3;Enemy;1;NonAffectiveSpawn;AtSpawnPoint;0
399136,2;Enemy;0;RegularSpawn;AtSpawnPoint;2
399782,3;Enemy;DeathBy;Gun
401125,1;Enemy;0;NonAffectiveSpawn;AtSpawnPoint;3
403131,5;Enemy;0;RegularSpawn;AtSpawnPoint;2
404126,1;Enemy;0;RegularSpawn;AtSpawnPoint;1
405368,6;Enemy;DeathBy;Gun
405835,3;Player;Health;DecreaseTo;120
405885;Player;Health;DecreaseTo;100
405885;Slider;Health;DecreaseTo;112
407127,4;Enemy;2;NonAffectiveSpawn;AtSpawnPoint;3
407509,1;Enemy;DeathBy;Gun
407940,6;Enemy;DeathBy;Gun
410133;Enemy;0;RegularSpawn;AtSpawnPoint;2
410299;Enemy;DeathBy;Gun
412122,5;Enemy;0;RegularSpawn;AtSpawnPoint;0
413132,9;Enemy;0;NonAffectiveSpawn;AtSpawnPoint;1
413530,5;Enemy;DeathBy;Gun
415866,4;Player;Health;DecreaseTo;80
415866,4;Slider;Health;DecreaseTo;84
416545,6;Enemy;DeathBy;Gun
417125,4;Enemy;0;RegularSpawn;AtSpawnPoint;1
419120,7;Enemy;DeathBy;Gun
419120,7;Enemy;2;NonAffectiveSpawn;AtSpawnPoint;5
419137,3;Alert;Enemy;SpeedChange
419137,3;Enemy;Speed;ChangeTo;3,03
419767,1;Enemy;DeathBy;Gun
421125,5;Enemy;0;RegularSpawn;AtSpawnPoint;1
421125,5;Enemy;0;RegularSpawn;AtSpawnPoint;2
421142;Enemy;Speed;ChangeTo;3,06
422781,9;Enemy;DeathBy;Gun
423146,7;Enemy;Speed;ChangeTo;3,09
423296,1;TextScore;ChangeTo;KIEPSKO
425134,4;Enemy;1;NonAffectiveSpawn;AtSpawnPoint;1
425151,2;Enemy;Speed;ChangeTo;3,12
425797,6;Enemy;DeathBy;Gun
427156,1;Enemy;Speed;ChangeTo;3,15
428166,6;Enemy;DeathBy;Gun
429160,7;Enemy;Speed;ChangeTo;3,18
430130,3;Enemy;0;RegularSpawn;AtSpawnPoint;2
430130,3;Enemy;0;RegularSpawn;AtSpawnPoint;0
430946,3;Enemy;DeathBy;Gun
431128,1;Enemy;1;NonAffectiveSpawn;AtSpawnPoint;3
431161,2;Enemy;Speed;ChangeTo;3,21
432126,4;Enemy;0;RegularSpawn;AtSpawnPoint;0
432873,4;Player;Health;IncreaseTo;90
432873,4;Slider;Health;IncreaseTo;112
433172,2;Enemy;Speed;ChangeTo;3,24
435187,8;Enemy;Speed;ChangeTo;3,27
437131,3;Enemy;2;NonAffectiveSpawn;AtSpawnPoint;4
437199,2;Enemy;Speed;ChangeTo;3,3
437714,8;Enemy;DeathBy;Gun
439128,8;Enemy;0;RegularSpawn;AtSpawnPoint;1
439211,7;Enemy;Speed;ChangeTo;3,33
440473,8;Enemy;DeathBy;Gun
441221,6;Enemy;Speed;ChangeTo;3,36
442384,9;Enemy;DeathBy;Gun
443131,3;Enemy;0;RegularSpawn;AtSpawnPoint;0
443131,3;Enemy;0;RegularSpawn;AtSpawnPoint;0
443131,3;Enemy;1;NonAffectiveSpawn;AtSpawnPoint;2
443230,3;Enemy;Speed;ChangeTo;3,39
443885,8;Enemy;DeathBy;Gun
444151,1;Alert;NonAffectiveSpawn;Activation
445239;Enemy;Speed;ChangeTo;3,42
447251,8;Enemy;Speed;ChangeTo;3,45
447450,9;Player;Health;DecreaseTo;70
447450,9;Slider;Health;DecreaseTo;84
447699,5;Enemy;DeathBy;Gun
448131,6;Enemy;0;RegularSpawn;AtSpawnPoint;1
449125,6;Enemy;0;NonAffectiveSpawn;AtSpawnPoint;2
449258,1;Enemy;Speed;ChangeTo;3,48
451264;Enemy;Speed;ChangeTo;3,51
453230,6;Player;SuperPower;Time;2,967133
453230,6;Slider;SuperPower;DecreaseTo;40,65735
453230,6;Player;TimeBetweenTwoBullets;IncreaseTo;0,3
453230,6;Player;DamagePerShot;DecreaseTo;14
453230,6;Player;Range;DecreaseTo;90
453230,6;Player;SuperPower;Kill;5
453230,6;Enemy;DeathBy;SuperPower
453230,6;Enemy;DeathBy;SuperPower
453230,6;Enemy;DeathBy;SuperPower
453230,6;Enemy;DeathBy;SuperPower
453230,6;Enemy;DeathBy;SuperPower
453230,6;Player;SuperPower;Alpha;0,5934265
453282,1;Enemy;Speed;ChangeTo;3,539999
454127;Enemy;0;RegularSpawn;AtSpawnPoint;1
455121;Enemy;1;NonAffectiveSpawn;AtSpawnPoint;5
455121;Enemy;1;NonAffectiveSpawn;AtSpawnPoint;5
455288,4;Enemy;Speed;ChangeTo;3,569999
456134,2;Enemy;0;RegularSpawn;AtSpawnPoint;2
457128,3;Enemy;0;RegularSpawn;AtSpawnPoint;2
457293,8;Enemy;Speed;ChangeTo;3,599999
459305,8;Enemy;Speed;ChangeTo;3,629999
459835,1;Enemy;DeathBy;Gun
461123,8;Enemy;0;NonAffectiveSpawn;AtSpawnPoint;0
461123,8;Enemy;0;NonAffectiveSpawn;AtSpawnPoint;3
461309,3;Enemy;Speed;ChangeTo;3,659999
463233,7;Slider;SuperPower;IncreaseTo;45,65735
463233,7;Player;TimeBetweenTwoBullets;DecreaseTo;0,2
463233,7;Player;DamagePerShot;IncreaseTo;15
463233,7;Player;Range;IncreaseTo;100
463316,6;Enemy;Speed;ChangeTo;3,689999
464461,2;Player;Health;IncreaseTo;80
465124,6;Enemy;0;RegularSpawn;AtSpawnPoint;1
465323,4;Enemy;Speed;ChangeTo;3,719999
466123,5;Enemy;0;RegularSpawn;AtSpawnPoint;1
467129,1;Enemy;0;NonAffectiveSpawn;AtSpawnPoint;0
467129,1;Enemy;0;NonAffectiveSpawn;AtSpawnPoint;0
467328;Enemy;Speed;ChangeTo;3,749999
469034,1;Enemy;DeathBy;Gun
469133,5;Enemy;0;RegularSpawn;AtSpawnPoint;0
469332,5;Enemy;Speed;ChangeTo;3,779999
470103,6;Enemy;DeathBy;Gun
471341,7;Enemy;Speed;ChangeTo;3,809999
471374,8;Enemy;DeathBy;Gun
471889,8;TextScore;ChangeTo;PRZYZWOICIE
473130,9;Enemy;2;NonAffectiveSpawn;AtSpawnPoint;1
473130,9;Enemy;2;NonAffectiveSpawn;AtSpawnPoint;0
473234,9;Slider;SuperPower;IncreaseTo;50,65735
473234,9;Player;TimeBetweenTwoBullets;DecreaseTo;0,2
473234,9;Player;DamagePerShot;IncreaseTo;15
473234,9;Player;Range;IncreaseTo;100
473350,9;Enemy;Speed;ChangeTo;3,839999
474513,7;Enemy;DeathBy;Gun
475133;Enemy;0;RegularSpawn;AtSpawnPoint;0
475369,9;Enemy;Speed;ChangeTo;3,869999
475767,8;Enemy;DeathBy;Gun
476132,1;Enemy;0;RegularSpawn;AtSpawnPoint;0
477253,3;Enemy;DeathBy;Gun
477376,9;Enemy;Speed;ChangeTo;3,899999
479129,5;Enemy;1;NonAffectiveSpawn;AtSpawnPoint;0
479129,5;Enemy;1;NonAffectiveSpawn;AtSpawnPoint;0
479390;Enemy;Speed;ChangeTo;3,929999
481394,7;Enemy;Speed;ChangeTo;3,959999
481471,6;Player;Health;IncreaseTo;90
481471,6;Slider;Health;IncreaseTo;112
482137,2;Enemy;0;RegularSpawn;AtSpawnPoint;2
482876,7;Enemy;DeathBy;Gun
483092,5;Enemy;DeathBy;Gun
483241,3;Slider;SuperPower;IncreaseTo;55,65735
483241,3;Player;TimeBetweenTwoBullets;DecreaseTo;0,2
483241,3;Player;DamagePerShot;IncreaseTo;15
483241,3;Player;Range;IncreaseTo;100
483407,9;Enemy;Speed;ChangeTo;3,989999
484129,2;Enemy;0;RegularSpawn;AtSpawnPoint;1
484358,5;Enemy;DeathBy;Gun
485135,8;Enemy;2;NonAffectiveSpawn;AtSpawnPoint;0
485135,8;Enemy;2;NonAffectiveSpawn;AtSpawnPoint;0
485411,9;Enemy;Speed;ChangeTo;4,019999
487123,8;Enemy;0;RegularSpawn;AtSpawnPoint;1
487426,1;Enemy;Speed;ChangeTo;4,049999
488567,9;Enemy;DeathBy;Gun
489440,8;Enemy;Speed;ChangeTo;4,079999
491123,9;Enemy;2;NonAffectiveSpawn;AtSpawnPoint;1
491123,9;Enemy;2;NonAffectiveSpawn;AtSpawnPoint;1
491443,4;Enemy;Speed;ChangeTo;4,11
492935,8;Enemy;DeathBy;Gun
493127,7;Enemy;0;RegularSpawn;AtSpawnPoint;1
493247,7;Slider;SuperPower;IncreaseTo;60,65735
493247,7;Player;TimeBetweenTwoBullets;DecreaseTo;0,2
493247,7;Player;DamagePerShot;IncreaseTo;15
493247,7;Player;Range;IncreaseTo;100
493449;Enemy;Speed;ChangeTo;4,14
495126,9;Enemy;0;RegularSpawn;AtSpawnPoint;2
495458,2;Enemy;Speed;ChangeTo;4,17
495806,8;Enemy;DeathBy;Gun
497130,9;Enemy;0;NonAffectiveSpawn;AtSpawnPoint;2
497130,9;Enemy;0;NonAffectiveSpawn;AtSpawnPoint;2
497242,1;Player;Health;DecreaseTo;70
497242,1;Slider;Health;DecreaseTo;84
497459,8;Enemy;Speed;ChangeTo;4,2
497685,7;Player;Health;DecreaseTo;50
497685,7;Slider;Health;DecreaseTo;56
497894,5;Player;Health;DecreaseTo;30
498053,7;Player;Health;DecreaseTo;10
498053,7;Slider;Health;DecreaseTo;28
498136,3;Enemy;0;RegularSpawn;AtSpawnPoint;2
498414,6;Player;Health;DecreaseTo;-10
498414,6;Player;Death
500755;KeyPress;B
500841,8;Scene;Load;12
511580,3;KeyPress;C
