1,530805E+15;UnixTime
0;Scene;Load;0
0;BITalino;SamplingFrequency;1000
0;BITalino;BufferSize;2000
0;BITalino;Channels;ECG;EMG;EDA;
0;BITalino;Analogs;A1;A2;A3;
0;BITalino;BaudRate;9600
0;BITalino;Port;COM3
0;BITalino;Parity;None
0;BITalino;DataBits;8
0;BITalino;StopBits;One
3125,36;ButtonClick;WithoutAffectiveLoop
3149,843;Scene;Load;1
4991,916;KeyPress;U
5011,151;Scene;Load;3
6190,933;KeyPress;U
6209,851;Scene;Load;5
7538,75;KeyPress;T
11164,7;Player;Starting;Range;100
11164,7;Player;Starting;TimeBetweenBullets;0,2
11164,7;Player;Starting;DamagerPerShot;15
11164,7;Player;Starting;SuperPower;100
11164,7;Player;Starting;Health;140
11164,7;Scene;Load;6
11565,34;Player;SuperPower;Time;0,06612301
11565,34;Slider;SuperPower;DecreaseTo;98,67754
11565,34;Player;TimeBetweenTwoBullets;IncreaseTo;0,3
11565,34;Player;DamagePerShot;DecreaseTo;14
11565,34;Player;Range;DecreaseTo;90
11565,34;Player;SuperPower;Kill;0
11565,34;Player;SuperPower;Alpha;0,0132246
20830,41;Enemy;0;RegularSpawn;AtSpawnPoint;1
21580,83;Slider;SuperPower;IncreaseTo;100
21580,83;Player;TimeBetweenTwoBullets;DecreaseTo;0,2
21580,83;Player;DamagePerShot;IncreaseTo;15
21580,83;Player;Range;IncreaseTo;100
25825,46;Enemy;0;RegularSpawn;AtSpawnPoint;2
30407,63;Player;Health;DecreaseTo;120
30840;Enemy;0;RegularSpawn;AtSpawnPoint;0
31317,3;Player;Health;DecreaseTo;100
31317,3;Slider;Health;DecreaseTo;112
32224,88;Player;Health;DecreaseTo;80
32224,88;Slider;Health;DecreaseTo;84
33141,05;Player;Health;DecreaseTo;60
33832,2;Enemy;0;RegularSpawn;AtSpawnPoint;2
34577,27;Player;SuperPower;Time;0,187912
34577,27;Slider;SuperPower;DecreaseTo;96,24176
34577,27;Player;TimeBetweenTwoBullets;IncreaseTo;0,3
34577,27;Player;DamagePerShot;DecreaseTo;14
34577,27;Player;Range;DecreaseTo;90
34577,27;Player;SuperPower;Kill;1
34577,27;Enemy;DeathBy;SuperPower
34577,27;Player;SuperPower;Alpha;0,0375824
34930,7;Player;SuperPower;Time;0,252491
34930,7;Slider;SuperPower;DecreaseTo;91,38172
34930,7;Player;TimeBetweenTwoBullets;IncreaseTo;0,4
34930,7;Player;DamagePerShot;DecreaseTo;13
34930,7;Player;Range;DecreaseTo;80
34930,7;Player;SuperPower;Kill;1
34930,7;Player;SuperPower;Alpha;0,0504982
36820,88;Enemy;0;RegularSpawn;AtSpawnPoint;0
38877,19;Player;SuperPower;Time;3,629578
38877,19;Slider;SuperPower;DecreaseTo;25,04631
38877,19;Player;TimeBetweenTwoBullets;IncreaseTo;0,5
38877,19;Player;DamagePerShot;DecreaseTo;12
38877,19;Player;Range;DecreaseTo;70
38877,19;Player;SuperPower;Kill;0
38877,19;Player;SuperPower;Alpha;0,7259156
39832,45;Enemy;0;RegularSpawn;AtSpawnPoint;0
43943,31;Player;SuperPower;Time;4,13718
43943,31;Slider;SuperPower;DecreaseTo;4,32209
43943,31;Player;TimeBetweenTwoBullets;IncreaseTo;0,6
43943,31;Player;DamagePerShot;DecreaseTo;11
43943,31;Player;Range;DecreaseTo;60
43943,31;Player;SuperPower;Kill;4
43943,31;Enemy;DeathBy;SuperPower
43943,31;Enemy;DeathBy;SuperPower
43943,31;Enemy;DeathBy;SuperPower
43943,31;Enemy;DeathBy;SuperPower
43943,31;Player;SuperPower;Alpha;0,8274361
46828,67;Enemy;0;RegularSpawn;AtSpawnPoint;1
47821,27;Enemy;0;RegularSpawn;AtSpawnPoint;2
48831,79;Enemy;0;RegularSpawn;AtSpawnPoint;0
50155,14;Player;Health;IncreaseTo;70
53951,45;Slider;SuperPower;IncreaseTo;9,32209
53951,45;Player;TimeBetweenTwoBullets;DecreaseTo;0,5
53951,45;Player;DamagePerShot;IncreaseTo;12
53951,45;Player;Range;IncreaseTo;70
54667,89;Player;SuperPower;Time;5,535126
54667,89;Slider;SuperPower;DecreaseTo;0
54667,89;Player;TimeBetweenTwoBullets;IncreaseTo;0,6
54667,89;Player;DamagePerShot;DecreaseTo;11
54667,89;Player;Range;DecreaseTo;60
54667,89;Player;SuperPower;Kill;0
54667,89;Player;SuperPower;Alpha;1
55895,36;Player;Health;DecreaseTo;50
55895,36;Slider;Health;DecreaseTo;56
56802,34;Player;Health;DecreaseTo;30
57721,79;Player;Health;DecreaseTo;10
57721,79;Slider;Health;DecreaseTo;28
57822,24;Enemy;0;RegularSpawn;AtSpawnPoint;0
58627,86;Player;Health;DecreaseTo;-10
58627,86;Player;Death
66170,02;Alert;NonAffectiveSpawn;Activation
68087,45;KeyPress;B
68108,18;Scene;Load;12
71293,13;KeyPress;R
1,530805E+15;UnixTime
71317,16;Scene;Load;0
71317,16;BITalino;SamplingFrequency;1000
71317,16;BITalino;BufferSize;2000
71317,16;BITalino;Channels;ECG;EMG;EDA;
71317,16;BITalino;Analogs;A1;A2;A3;
71317,16;BITalino;BaudRate;9600
71317,16;BITalino;Port;COM3
71317,16;BITalino;Parity;None
71317,16;BITalino;DataBits;8
71317,16;BITalino;StopBits;One
74633,93;ButtonClick;WithoutAffectiveLoop
74650,61;Scene;Load;1
76675,16;KeyPress;T
78116,46;KeyPress;U
78133,05;Scene;Load;3
79760,01;KeyPress;U
79776,58;Scene;Load;5
80790,61;KeyPress;T
84104,33;Player;Starting;Range;100
84104,33;Player;Starting;TimeBetweenBullets;0,2
84104,33;Player;Starting;DamagerPerShot;15
84104,33;Player;Starting;SuperPower;100
84104,33;Player;Starting;Health;140
84104,33;Scene;Load;6
94093,04;Enemy;0;RegularSpawn;AtSpawnPoint;2
99085,35;Enemy;0;RegularSpawn;AtSpawnPoint;1
104096,3;Enemy;0;RegularSpawn;AtSpawnPoint;2
105102;Player;Health;DecreaseTo;120
106016,9;Player;Health;DecreaseTo;100
106016,9;Slider;Health;DecreaseTo;112
106919,9;Player;Health;DecreaseTo;80
106919,9;Slider;Health;DecreaseTo;84
107085,3;Enemy;0;RegularSpawn;AtSpawnPoint;0
107826,5;Player;Health;DecreaseTo;60
1,530805E+15;UnixTime
0;Scene;Load;0
0;BITalino;SamplingFrequency;1000
0;BITalino;BufferSize;2000
0;BITalino;Channels;ECG;EMG;EDA;
0;BITalino;Analogs;A1;A2;A3;
0;BITalino;BaudRate;9600
0;BITalino;Port;COM3
0;BITalino;Parity;None
0;BITalino;DataBits;8
0;BITalino;StopBits;One
2095,748;ButtonClick;Polish
4348,814;ButtonClick;WithoutAffectiveLoop
4366,203;Scene;Load;1
4800,378;KeyPress;U
4817,346;Scene;Load;3
5350,359;KeyPress;U
5366,934;Scene;Load;5
5767,891;KeyPress;T
9081,1;Player;Starting;Range;100
9081,1;Player;Starting;TimeBetweenBullets;0,2
9081,1;Player;Starting;DamagerPerShot;15
9081,1;Player;Starting;SuperPower;100
9081,1;Player;Starting;Health;140
9081,1;Scene;Load;6
19073,6;Enemy;0;RegularSpawn;AtSpawnPoint;1
