1,530557E+15;UnixTime
0;Scene;Load;0
0;BITalino;SamplingFrequency;1000
0;BITalino;BufferSize;2000
0;BITalino;Channels;ECG;EMG;EDA;
0;BITalino;Analogs;A1;A2;A3;
0;BITalino;BaudRate;9600
0;BITalino;Port;COM3
0;BITalino;Parity;None
0;BITalino;DataBits;8
0;BITalino;StopBits;One
11768,37;InputEnter;Name;Jokohama
15363,33;InputEnter;Number;14
15446,17;ButtonClick;Polish
16639,02;ButtonClick;WithoutAffectiveLoop
16663,83;Scene;Load;1
16663,83;BackgroundMusic;Start
23078,77;ButtonClick;Next
26806;ButtonClick;Next
35321,29;ButtonClick;Next
37110,43;ButtonClick;Previous
38667,88;ButtonClick;Next
58416,33;ButtonClick;Next
71573,52;ButtonClick;Next
77360,64;ButtonClick;Next
81817,25;ButtonClick;Play
85447,17;Player;Starting;Health;100
85447,17;Player;Starting;Range;100
85447,17;Player;Starting;TimeBetweenBullets;0,2
85447,17;Player;Starting;DamagerPerShot;15
85447,17;Player;Starting;SuperPower;100
85781,86;Alert;Lvl0Index;0
92309,12;Alert;Lvl0Index;1
98819,83;Alert;Lvl0Index;2
98819,83;Scene;Load;2
105332,5;Alert;Lvl0Index;3
111843,2;Alert;Lvl0Index;4
118354,1;Alert;Lvl0Index;5
124864,7;Alert;Lvl0Index;6
131375,3;Alert;Lvl0Index;7
137886;Alert;Lvl0Index;8
144396,7;Alert;Lvl0Index;9
150907,9;Alert;Lvl0Index;10
157418,1;Alert;Lvl0Index;11
163933,3;Alert;Lvl0Index;12
170443,5;Alert;Lvl0Index;13
176958,5;Alert;Lvl0Index;14
183456;Alert;Lvl0Index;15
185228,4;Enemy;DeathBy;Gun
185743,1;TextScore;ChangeTo;KIEPSKO
188027,7;Enemy;DeathBy;Gun
188541,3;TextScore;ChangeTo;PRZYZWOICIE
189105,2;Enemy;DeathBy;Gun
189618,2;TextScore;ChangeTo;WSPANIALE
189985,5;Alert;Lvl0Index;16
192735,5;Enemy;DeathBy;Gun
193249,3;TextScore;ChangeTo;FANTASTYCZNIE
200337,5;Enemy;DeathBy;Gun
203877,2;Scene;Load;3
209761,7;ButtonClick;Next
217829,7;ButtonClick;Next
223387;ButtonClick;Next
227313,3;ButtonClick;Next
247505,7;ButtonClick;Play
250818,5;Player;Starting;Range;100
250818,5;Player;Starting;TimeBetweenBullets;0,2
250818,5;Player;Starting;DamagerPerShot;15
250818,5;Player;Starting;SuperPower;100
250818,5;Player;Starting;Health;100
250818,5;Scene;Load;4
260811,6;Enemy;0;RegularSpawn;AtSpawnPoint;2
265815,6;Enemy;0;RegularSpawn;AtSpawnPoint;0
266527,4;Enemy;DeathBy;Gun
270619,5;Enemy;DeathBy;Gun
270801,6;Enemy;0;RegularSpawn;AtSpawnPoint;0
273620,1;Enemy;DeathBy;Gun
280809,8;Enemy;0;RegularSpawn;AtSpawnPoint;1
284839,7;Enemy;DeathBy;Gun
285801;Enemy;0;RegularSpawn;AtSpawnPoint;2
290803,5;Enemy;0;RegularSpawn;AtSpawnPoint;0
300812,7;Enemy;0;RegularSpawn;AtSpawnPoint;1
302700,9;Enemy;DeathBy;Gun
305800,5;Enemy;0;RegularSpawn;AtSpawnPoint;1
305834,3;Alert;NonAffectiveSpawn;Activation
306562,6;Enemy;DeathBy;Gun
310008,4;Enemy;DeathBy;Gun
310803,6;Enemy;0;RegularSpawn;AtSpawnPoint;0
312592,8;Enemy;DeathBy;Gun
316900,9;Enemy;DeathBy;Gun
317413,7;TextScore;ChangeTo;KIEPSKO
317811,3;Enemy;1;NonAffectiveSpawn;AtSpawnPoint;1
320561,4;Enemy;DeathBy;Gun
320810;Enemy;0;RegularSpawn;AtSpawnPoint;2
324806;Enemy;2;NonAffectiveSpawn;AtSpawnPoint;0
325816,6;Enemy;0;RegularSpawn;AtSpawnPoint;1
330814,2;Enemy;0;RegularSpawn;AtSpawnPoint;1
330880;Enemy;DeathBy;Gun
331808;Enemy;2;NonAffectiveSpawn;AtSpawnPoint;0
337125,7;Enemy;DeathBy;Gun
338815,5;Enemy;2;NonAffectiveSpawn;AtSpawnPoint;3
339494,8;Enemy;DeathBy;Gun
340803,7;Enemy;0;RegularSpawn;AtSpawnPoint;1
340820;Alert;Enemy;SpeedChange
340820;Enemy;Speed;ChangeTo;3,03
342824,6;Enemy;Speed;ChangeTo;3,06
344017,4;Enemy;DeathBy;Gun
344829,4;Enemy;Speed;ChangeTo;3,09
345807,3;Enemy;0;RegularSpawn;AtSpawnPoint;1
345807,3;Enemy;2;NonAffectiveSpawn;AtSpawnPoint;1
346602,4;Enemy;DeathBy;Gun
346833,8;Enemy;Speed;ChangeTo;3,12
348838,4;Enemy;Speed;ChangeTo;3,15
349832,3;Enemy;DeathBy;Gun
350809,7;Enemy;0;RegularSpawn;AtSpawnPoint;2
350842,9;Enemy;Speed;ChangeTo;3,18
352416,7;Enemy;DeathBy;Gun
352814,5;Enemy;0;NonAffectiveSpawn;AtSpawnPoint;2
352847,8;Enemy;Speed;ChangeTo;3,21
352930,3;TextScore;ChangeTo;PRZYZWOICIE
354852;Enemy;Speed;ChangeTo;3,24
356856,7;Enemy;Speed;ChangeTo;3,27
358447;Enemy;DeathBy;Gun
358861,7;Enemy;Speed;ChangeTo;3,3
359805,4;Enemy;2;NonAffectiveSpawn;AtSpawnPoint;4
360816;Enemy;0;RegularSpawn;AtSpawnPoint;1
360865,7;Enemy;Speed;ChangeTo;3,33
361031,4;Enemy;DeathBy;Gun
362871;Enemy;Speed;ChangeTo;3,36
363185,1;Enemy;DeathBy;Gun
364874,8;Enemy;Speed;ChangeTo;3,39
365802,6;Enemy;0;RegularSpawn;AtSpawnPoint;1
365819,3;Alert;NonAffectiveSpawn;Activation
366813,2;Enemy;0;NonAffectiveSpawn;AtSpawnPoint;4
366879,4;Enemy;Speed;ChangeTo;3,42
368569,3;Enemy;DeathBy;Gun
368884;Enemy;Speed;ChangeTo;3,45
370806;Enemy;0;RegularSpawn;AtSpawnPoint;1
370888,9;Enemy;Speed;ChangeTo;3,48
371336,1;Player;Health;DecreaseTo;90
371369;Enemy;DeathBy;Gun
372893,1;Enemy;Speed;ChangeTo;3,51
373522,7;Enemy;DeathBy;Gun
373804,8;Enemy;1;NonAffectiveSpawn;AtSpawnPoint;0
373804,8;Enemy;1;NonAffectiveSpawn;AtSpawnPoint;4
374897,9;Enemy;Speed;ChangeTo;3,539999
376909,8;Enemy;Speed;ChangeTo;3,569999
377390,4;Enemy;DeathBy;Gun
378467,2;Enemy;DeathBy;Gun
378914,3;Enemy;Speed;ChangeTo;3,599999
378980,6;TextScore;ChangeTo;WSPANIALE
380802,9;Enemy;0;RegularSpawn;AtSpawnPoint;2
380802,9;Enemy;0;NonAffectiveSpawn;AtSpawnPoint;4
380802,9;Enemy;0;NonAffectiveSpawn;AtSpawnPoint;2
380823,6;Enemy;DeathBy;Gun
380923;Enemy;Speed;ChangeTo;3,629999
382927,5;Enemy;Speed;ChangeTo;3,659999
383192,9;Enemy;DeathBy;Gun
384932,1;Enemy;Speed;ChangeTo;3,689999
385777;Enemy;DeathBy;Gun
385811,1;Enemy;0;RegularSpawn;AtSpawnPoint;1
386945,6;Enemy;Speed;ChangeTo;3,719999
387807,8;Enemy;0;NonAffectiveSpawn;AtSpawnPoint;0
387807,8;Enemy;0;NonAffectiveSpawn;AtSpawnPoint;1
388556,8;Enemy;DeathBy;Gun
388954,6;Enemy;Speed;ChangeTo;3,749999
390810;Enemy;0;RegularSpawn;AtSpawnPoint;0
390959,3;Enemy;Speed;ChangeTo;3,779999
391340;Player;Health;IncreaseTo;100
392648,8;Enemy;DeathBy;Gun
392963,5;Enemy;Speed;ChangeTo;3,809999
394371,7;Enemy;DeathBy;Gun
394802,4;Enemy;2;NonAffectiveSpawn;AtSpawnPoint;4
394802,4;Enemy;2;NonAffectiveSpawn;AtSpawnPoint;1
394968,7;Enemy;Speed;ChangeTo;3,839999
396978,7;Enemy;Speed;ChangeTo;3,869999
397177,5;Enemy;DeathBy;Gun
398983,3;Enemy;Speed;ChangeTo;3,899999
400806,1;Enemy;0;RegularSpawn;AtSpawnPoint;2
400988,3;Enemy;Speed;ChangeTo;3,929999
401485,5;Enemy;DeathBy;Gun
401800,1;Enemy;0;NonAffectiveSpawn;AtSpawnPoint;1
401800,1;Enemy;0;NonAffectiveSpawn;AtSpawnPoint;5
401998,8;TextScore;ChangeTo;FANTASTYCZNIE
402992,9;Enemy;Speed;ChangeTo;3,959999
404995,3;Enemy;Speed;ChangeTo;3,989999
405806,9;Enemy;0;RegularSpawn;AtSpawnPoint;2
407001,6;Enemy;Speed;ChangeTo;4,019999
408475,5;Enemy;DeathBy;Gun
408810,5;Enemy;2;NonAffectiveSpawn;AtSpawnPoint;0
408810,5;Enemy;2;NonAffectiveSpawn;AtSpawnPoint;2
409002,4;Enemy;Speed;ChangeTo;4,049999
409718,2;Enemy;DeathBy;Gun
410785,2;Enemy;DeathBy;Gun
410801,7;Enemy;0;RegularSpawn;AtSpawnPoint;2
411018,2;Enemy;Speed;ChangeTo;4,079999
412328,8;Player;Health;DecreaseTo;90
413023,8;Enemy;Speed;ChangeTo;4,11
414187,3;Enemy;DeathBy;Gun
415035;Enemy;Speed;ChangeTo;4,14
415813,3;Enemy;0;NonAffectiveSpawn;AtSpawnPoint;0
415813,3;Enemy;0;NonAffectiveSpawn;AtSpawnPoint;5
417039,5;Enemy;Speed;ChangeTo;4,17
419044,4;Enemy;Speed;ChangeTo;4,2
419983,3;Enemy;DeathBy;Gun
420813,3;Enemy;0;RegularSpawn;AtSpawnPoint;2
421045,3;Enemy;Speed;ChangeTo;4,23
422802,7;Enemy;2;NonAffectiveSpawn;AtSpawnPoint;2
422802,7;Enemy;2;NonAffectiveSpawn;AtSpawnPoint;4
423052,2;Enemy;Speed;ChangeTo;4,260001
423803,3;Enemy;DeathBy;Gun
425055,1;Enemy;Speed;ChangeTo;4,290001
425800,6;Enemy;0;RegularSpawn;AtSpawnPoint;1
427067,4;Enemy;Speed;ChangeTo;4,320001
429062,6;Enemy;DeathBy;Gun
429079,1;Enemy;Speed;ChangeTo;4,350001
429810,2;Enemy;2;NonAffectiveSpawn;AtSpawnPoint;5
429810,2;Enemy;2;NonAffectiveSpawn;AtSpawnPoint;3
430807,5;Enemy;0;RegularSpawn;AtSpawnPoint;1
431088,8;Enemy;Speed;ChangeTo;4,380002
431578,9;Enemy;DeathBy;Gun
432082,5;Enemy;DeathBy;LevelEnd
432082,5;Enemy;DeathBy;LevelEnd
432082,5;Enemy;DeathBy;LevelEnd
432082,5;Enemy;DeathBy;LevelEnd
432082,5;Enemy;DeathBy;LevelEnd
432082,5;Enemy;DeathBy;LevelEnd
432082,5;Enemy;DeathBy;LevelEnd
432082,5;Enemy;DeathBy;LevelEnd
432082,5;Enemy;DeathBy;LevelEnd
432082,5;Enemy;DeathBy;LevelEnd
432082,5;Enemy;DeathBy;LevelEnd
432082,5;Enemy;DeathBy;LevelEnd
432335,7;Player;Health;IncreaseTo;100
433097,7;Enemy;Speed;ChangeTo;4,410002
435103,8;Scene;Load;5
447865,7;ButtonClick;Next
454611,5;ButtonClick;Next
470386,9;ButtonClick;Next
474164,4;ButtonClick;Next
523583,5;ButtonClick;Next
525355,7;ButtonClick;Play
528669,1;Player;Starting;Range;100
528669,1;Player;Starting;TimeBetweenBullets;0,2
528669,1;Player;Starting;DamagerPerShot;15
528669,1;Player;Starting;SuperPower;100
528669,1;Player;Starting;Health;140
528669,1;Scene;Load;6
538650,8;Enemy;0;RegularSpawn;AtSpawnPoint;0
543646,3;Enemy;0;RegularSpawn;AtSpawnPoint;2
548649,4;Enemy;0;RegularSpawn;AtSpawnPoint;0
551647,9;Enemy;0;RegularSpawn;AtSpawnPoint;2
552244,4;Enemy;DeathBy;Gun
554646,5;Enemy;0;RegularSpawn;AtSpawnPoint;1
557652,8;Enemy;0;RegularSpawn;AtSpawnPoint;0
558911,6;Enemy;DeathBy;Gun
563866,4;Enemy;DeathBy;Gun
564645,1;Enemy;0;RegularSpawn;AtSpawnPoint;0
565644,8;Enemy;0;RegularSpawn;AtSpawnPoint;2
566440,2;Enemy;DeathBy;Gun
566655,5;Enemy;0;RegularSpawn;AtSpawnPoint;2
569886,4;Enemy;DeathBy;Gun
573547,1;Enemy;DeathBy;Gun
575653;Enemy;0;RegularSpawn;AtSpawnPoint;1
575901,5;Enemy;DeathBy;Gun
576647,4;Enemy;0;RegularSpawn;AtSpawnPoint;1
577641;Enemy;0;RegularSpawn;AtSpawnPoint;0
579117,4;Enemy;DeathBy;Gun
581688;Enemy;DeathBy;Gun
583675,9;Alert;NonAffectiveSpawn;Activation
584653,5;Enemy;0;RegularSpawn;AtSpawnPoint;1
585349,6;Enemy;DeathBy;Gun
587654,6;Enemy;0;RegularSpawn;AtSpawnPoint;0
588781,1;Enemy;DeathBy;Gun
590288,6;Enemy;DeathBy;Gun
590653,1;Enemy;0;RegularSpawn;AtSpawnPoint;1
593651,8;Enemy;0;RegularSpawn;AtSpawnPoint;0
594596;Enemy;DeathBy;Gun
594645,9;Enemy;2;NonAffectiveSpawn;AtSpawnPoint;2
598641,4;Enemy;0;RegularSpawn;AtSpawnPoint;2
599321;Enemy;DeathBy;Gun
600646;Enemy;0;NonAffectiveSpawn;AtSpawnPoint;3
602650,6;Enemy;0;RegularSpawn;AtSpawnPoint;2
602981,9;Enemy;DeathBy;Gun
603644,5;Enemy;0;RegularSpawn;AtSpawnPoint;2
606652,1;Enemy;2;NonAffectiveSpawn;AtSpawnPoint;0
607066,5;Enemy;DeathBy;Gun
609468,3;Player;Health;DecreaseTo;120
609650,6;Enemy;0;RegularSpawn;AtSpawnPoint;1
611655,8;Enemy;0;RegularSpawn;AtSpawnPoint;1
612649,6;Enemy;0;NonAffectiveSpawn;AtSpawnPoint;0
616652,4;Enemy;0;RegularSpawn;AtSpawnPoint;2
617397,9;Enemy;DeathBy;Gun
618474,8;Enemy;DeathBy;Gun
618640,4;Enemy;2;NonAffectiveSpawn;AtSpawnPoint;0
618656,9;Alert;Enemy;SpeedChange
618656,9;Enemy;Speed;ChangeTo;3,03
620644,9;Enemy;0;RegularSpawn;AtSpawnPoint;0
620644,9;Enemy;0;RegularSpawn;AtSpawnPoint;0
620661,5;Enemy;Speed;ChangeTo;3,06
622662,8;Enemy;Speed;ChangeTo;3,09
622795,4;Enemy;DeathBy;Gun
623308,3;TextScore;ChangeTo;KIEPSKO
623656,2;Enemy;DeathBy;Gun
624650,2;Enemy;2;NonAffectiveSpawn;AtSpawnPoint;2
624666,8;Enemy;Speed;ChangeTo;3,12
626224;Enemy;DeathBy;Gun
626472,5;Player;Health;IncreaseTo;130
626654,8;Enemy;DeathBy;Gun
626671,3;Enemy;Speed;ChangeTo;3,15
628675,8;Enemy;Speed;ChangeTo;3,18
629653,3;Enemy;0;RegularSpawn;AtSpawnPoint;1
629653,3;Enemy;0;RegularSpawn;AtSpawnPoint;1
630316;Enemy;DeathBy;Gun
630647,3;Enemy;2;NonAffectiveSpawn;AtSpawnPoint;3
630681;Enemy;Speed;ChangeTo;3,21
631648,6;Enemy;0;RegularSpawn;AtSpawnPoint;0
632692,3;Enemy;Speed;ChangeTo;3,24
633753,4;Enemy;DeathBy;Gun
634699,3;Enemy;Speed;ChangeTo;3,27
636654,1;Enemy;0;NonAffectiveSpawn;AtSpawnPoint;2
636703,8;Enemy;Speed;ChangeTo;3,3
638261,1;Enemy;DeathBy;Gun
638642,7;Enemy;0;RegularSpawn;AtSpawnPoint;1
638709,2;Enemy;Speed;ChangeTo;3,33
640617,9;Enemy;DeathBy;Gun
640717,3;Enemy;Speed;ChangeTo;3,36
642655,6;Enemy;0;RegularSpawn;AtSpawnPoint;0
642655,6;Enemy;0;RegularSpawn;AtSpawnPoint;0
642655,6;Enemy;2;NonAffectiveSpawn;AtSpawnPoint;1
642721,8;Enemy;Speed;ChangeTo;3,39
642821,3;Player;Health;DecreaseTo;110
642821,3;Slider;Health;DecreaseTo;112
643682,8;Alert;NonAffectiveSpawn;Activation
644726,4;Enemy;Speed;ChangeTo;3,42
645140,6;Enemy;DeathBy;Gun
646728,8;Enemy;Speed;ChangeTo;3,45
647642,1;Enemy;0;RegularSpawn;AtSpawnPoint;1
648652,6;Enemy;1;NonAffectiveSpawn;AtSpawnPoint;0
648736;Enemy;Speed;ChangeTo;3,48
650508,4;Enemy;DeathBy;Gun
650740,1;Enemy;Speed;ChangeTo;3,51
652744,6;Enemy;Speed;ChangeTo;3,539999
653643,1;Enemy;0;RegularSpawn;AtSpawnPoint;1
654653,6;Enemy;0;NonAffectiveSpawn;AtSpawnPoint;1
654653,6;Enemy;0;NonAffectiveSpawn;AtSpawnPoint;2
654753;Enemy;Speed;ChangeTo;3,569999
655647,5;Enemy;0;RegularSpawn;AtSpawnPoint;0
656643,9;Enemy;0;RegularSpawn;AtSpawnPoint;1
656759,9;Enemy;Speed;ChangeTo;3,599999
657157,6;Enemy;DeathBy;Gun
658764,4;Enemy;Speed;ChangeTo;3,629999
659526,6;Enemy;DeathBy;Gun
659824,8;Player;Health;IncreaseTo;120
659824,8;Slider;Health;IncreaseTo;140
660603,4;Enemy;DeathBy;Gun
660653,2;Enemy;1;NonAffectiveSpawn;AtSpawnPoint;0
660653,2;Enemy;1;NonAffectiveSpawn;AtSpawnPoint;3
660769,1;Enemy;Speed;ChangeTo;3,659999
661680,9;Enemy;DeathBy;Gun
662111,6;Enemy;DeathBy;Gun
662774,3;Enemy;Speed;ChangeTo;3,689999
664466,8;Enemy;DeathBy;Gun
664649;Enemy;0;RegularSpawn;AtSpawnPoint;2
664781,9;Enemy;Speed;ChangeTo;3,719999
665543,6;Enemy;DeathBy;Gun
665643;Enemy;0;RegularSpawn;AtSpawnPoint;0
666653,6;Enemy;1;NonAffectiveSpawn;AtSpawnPoint;0
666653,6;Enemy;1;NonAffectiveSpawn;AtSpawnPoint;0
666786,1;Enemy;Speed;ChangeTo;3,749999
668641,6;Enemy;0;RegularSpawn;AtSpawnPoint;0
668790,6;Enemy;Speed;ChangeTo;3,779999
669204,8;Enemy;DeathBy;Gun
669718,4;TextScore;ChangeTo;PRZYZWOICIE
670712,3;Enemy;DeathBy;Gun
670795,6;Enemy;Speed;ChangeTo;3,809999
672219,9;Enemy;DeathBy;Gun
672650,7;Enemy;0;NonAffectiveSpawn;AtSpawnPoint;1
672650,7;Enemy;0;NonAffectiveSpawn;AtSpawnPoint;5
672799,8;Enemy;Speed;ChangeTo;3,839999
674655,9;Enemy;0;RegularSpawn;AtSpawnPoint;2
674804,4;Enemy;DeathBy;Gun
674804,4;Enemy;Speed;ChangeTo;3,869999
675651,2;Enemy;0;RegularSpawn;AtSpawnPoint;1
676814,4;Enemy;Speed;ChangeTo;3,899999
676831,1;Player;Health;IncreaseTo;130
678642,4;Enemy;0;NonAffectiveSpawn;AtSpawnPoint;0
678642,4;Enemy;0;NonAffectiveSpawn;AtSpawnPoint;5
678825,9;Enemy;Speed;ChangeTo;3,929999
680831,8;Enemy;Speed;ChangeTo;3,959999
681640;Enemy;0;RegularSpawn;AtSpawnPoint;0
682832,8;Enemy;Speed;ChangeTo;3,989999
683644,6;Enemy;0;RegularSpawn;AtSpawnPoint;2
683777,1;Enemy;DeathBy;Gun
684655,1;Enemy;2;NonAffectiveSpawn;AtSpawnPoint;1
684655,1;Enemy;2;NonAffectiveSpawn;AtSpawnPoint;0
684837,8;Enemy;Speed;ChangeTo;4,019999
686643,1;Enemy;0;RegularSpawn;AtSpawnPoint;1
686841,9;Enemy;Speed;ChangeTo;4,049999
686924,8;Player;Health;DecreaseTo;110
686924,8;Slider;Health;DecreaseTo;112
688851,6;Enemy;Speed;ChangeTo;4,079999
688935,8;Enemy;DeathBy;Gun
690645,9;Enemy;0;NonAffectiveSpawn;AtSpawnPoint;2
690645,9;Enemy;0;NonAffectiveSpawn;AtSpawnPoint;0
690852,4;Enemy;Speed;ChangeTo;4,11
692643,9;Enemy;0;RegularSpawn;AtSpawnPoint;0
692853,3;Enemy;Speed;ChangeTo;4,14
693699,8;Enemy;DeathBy;Gun
694306,9;Enemy;DeathBy;Gun
694654,8;Enemy;0;RegularSpawn;AtSpawnPoint;1
694858,1;Enemy;Speed;ChangeTo;4,17
696647,3;Enemy;2;NonAffectiveSpawn;AtSpawnPoint;0
696647,3;Enemy;2;NonAffectiveSpawn;AtSpawnPoint;3
696841,1;Enemy;DeathBy;Gun
696874,3;Enemy;Speed;ChangeTo;4,2
697642,5;Enemy;0;RegularSpawn;AtSpawnPoint;2
698876,6;Enemy;Speed;ChangeTo;4,23
699366,3;Enemy;DeathBy;Gun
699776,6;Enemy;DeathBy;Gun
700889;Enemy;Speed;ChangeTo;4,260001
701642,3;Enemy;0;RegularSpawn;AtSpawnPoint;0
701658,8;Enemy;DeathBy;Gun
702642;Enemy;0;NonAffectiveSpawn;AtSpawnPoint;1
702642;Enemy;0;NonAffectiveSpawn;AtSpawnPoint;3
702889,4;Enemy;Speed;ChangeTo;4,290001
703934,9;Player;Health;IncreaseTo;120
703934,9;Slider;Health;IncreaseTo;140
704794,9;Enemy;DeathBy;Gun
704895,4;Enemy;Speed;ChangeTo;4,320001
706899,3;Enemy;Speed;ChangeTo;4,350001
707656,4;Enemy;0;RegularSpawn;AtSpawnPoint;1
707907,7;Enemy;DeathBy;Gun
708641,4;Enemy;0;RegularSpawn;AtSpawnPoint;2
708641,4;Enemy;1;NonAffectiveSpawn;AtSpawnPoint;0
708641,4;Enemy;1;NonAffectiveSpawn;AtSpawnPoint;5
708913,8;Enemy;Speed;ChangeTo;4,380002
710644,6;Enemy;0;RegularSpawn;AtSpawnPoint;2
710894,6;Player;Health;DecreaseTo;100
710894,6;Slider;Health;DecreaseTo;112
710932,6;Enemy;Speed;ChangeTo;4,410002
712935,8;Enemy;Speed;ChangeTo;4,440002
712952,3;Enemy;DeathBy;Gun
713373,6;Enemy;DeathBy;Gun
714651,4;Enemy;1;NonAffectiveSpawn;AtSpawnPoint;5
714651,4;Enemy;1;NonAffectiveSpawn;AtSpawnPoint;2
714949,6;Enemy;Speed;ChangeTo;4,470002
715297,6;Enemy;DeathBy;Gun
716769,3;Enemy;DeathBy;Gun
716954,4;Enemy;Speed;ChangeTo;4,500002
717278,1;TextScore;ChangeTo;WSPANIALE
718954,8;Enemy;Speed;ChangeTo;4,530003
719652,1;Enemy;0;RegularSpawn;AtSpawnPoint;2
719652,1;Enemy;0;RegularSpawn;AtSpawnPoint;2
720304,9;Enemy;DeathBy;Gun
720653,4;Enemy;0;RegularSpawn;AtSpawnPoint;2
720653,4;Enemy;1;NonAffectiveSpawn;AtSpawnPoint;2
720653,4;Enemy;1;NonAffectiveSpawn;AtSpawnPoint;1
720970,1;Enemy;Speed;ChangeTo;4,560003
721286,6;Player;Health;DecreaseTo;80
721286,6;Slider;Health;DecreaseTo;84
722974,7;Enemy;Speed;ChangeTo;4,590003
724983,6;Enemy;Speed;ChangeTo;4,620003
726417,4;Enemy;DeathBy;Gun
726657,2;Enemy;2;NonAffectiveSpawn;AtSpawnPoint;0
726657,2;Enemy;2;NonAffectiveSpawn;AtSpawnPoint;0
726996,4;Enemy;Speed;ChangeTo;4,650003
728105,5;Enemy;DeathBy;Gun
728517,7;Enemy;DeathBy;Gun
728644,3;Enemy;0;RegularSpawn;AtSpawnPoint;2
728947,1;Enemy;DeathBy;Gun
728999,4;Enemy;Speed;ChangeTo;4,680004
730410,4;Enemy;DeathBy;Gun
730649,9;Enemy;0;RegularSpawn;AtSpawnPoint;0
731003,1;Enemy;Speed;ChangeTo;4,710004
732642,4;Enemy;0;NonAffectiveSpawn;AtSpawnPoint;1
732642,4;Enemy;0;NonAffectiveSpawn;AtSpawnPoint;5
733015,7;Enemy;Speed;ChangeTo;4,740004
733650,1;Enemy;0;RegularSpawn;AtSpawnPoint;0
734757,4;Enemy;DeathBy;Gun
735022,7;Enemy;Speed;ChangeTo;4,770004
737039,2;Enemy;Speed;ChangeTo;4,800004
737652,1;Enemy;0;RegularSpawn;AtSpawnPoint;0
738298,2;Player;Health;IncreaseTo;90
738298,2;Slider;Health;IncreaseTo;112
738646,5;Enemy;0;NonAffectiveSpawn;AtSpawnPoint;1
738646,5;Enemy;0;NonAffectiveSpawn;AtSpawnPoint;2
739052,9;Enemy;Speed;ChangeTo;4,830005
740498,3;Enemy;DeathBy;Gun
741061,7;Enemy;Speed;ChangeTo;4,860005
741324,1;Enemy;DeathBy;Gun
741655,1;Enemy;0;RegularSpawn;AtSpawnPoint;2
743064,8;Enemy;Speed;ChangeTo;4,890005
743900,6;Enemy;DeathBy;Gun
743987,6;Player;Health;DecreaseTo;70
743987,6;Slider;Health;DecreaseTo;84
744653,5;Enemy;2;NonAffectiveSpawn;AtSpawnPoint;1
744653,5;Enemy;2;NonAffectiveSpawn;AtSpawnPoint;0
745065,9;Enemy;Speed;ChangeTo;4,920005
746644,4;Enemy;0;RegularSpawn;AtSpawnPoint;0
746644,4;Enemy;0;RegularSpawn;AtSpawnPoint;1
746830,1;Enemy;DeathBy;Gun
747072,8;Enemy;Speed;ChangeTo;4,950006
749100,7;Enemy;DeathBy;Gun
749100,7;Enemy;Speed;ChangeTo;4,980006
749531,7;Enemy;DeathBy;Gun
750641,2;Enemy;0;NonAffectiveSpawn;AtSpawnPoint;2
750641,2;Enemy;0;NonAffectiveSpawn;AtSpawnPoint;5
751107,7;Enemy;Speed;ChangeTo;5,010006
752653,6;Enemy;0;RegularSpawn;AtSpawnPoint;1
753109,3;Enemy;Speed;ChangeTo;5,040006
754129,1;Enemy;DeathBy;Gun
754776,9;Enemy;DeathBy;Gun
755127,5;Enemy;Speed;ChangeTo;5,070006
755200,3;Enemy;DeathBy;Gun
755654,4;Enemy;0;RegularSpawn;AtSpawnPoint;1
756040,3;Enemy;DeathBy;Gun
756649;Enemy;0;NonAffectiveSpawn;AtSpawnPoint;1
756649;Enemy;0;NonAffectiveSpawn;AtSpawnPoint;4
757133,4;Enemy;Speed;ChangeTo;5,100007
757724,1;Enemy;DeathBy;Gun
758239,1;TextScore;ChangeTo;FANTASTYCZNIE
759133,6;Enemy;Speed;ChangeTo;5,130007
759133,6;Player;Health;DecreaseTo;50
759133,6;Slider;Health;DecreaseTo;56
759457,4;Player;Health;DecreaseTo;30
759476,6;Player;Health;DecreaseTo;10
759476,6;Slider;Health;DecreaseTo;28
759502,9;Player;Health;DecreaseTo;-10
759502,9;Player;Death
776503,5;Player;Health;IncreaseTo;0
793509,4;Player;Health;IncreaseTo;10
793509,4;Player;Health;DecreaseTo;-10
793715,8;KeyPress;B
793813,8;Scene;Load;12
839357,7;KeyPress;C
